time,symbol,tradeSize,tradePrice
09:18:29,STOCK_4487,-1.0,22.95
09:18:31,STOCK_3584,4.0,21.8
09:18:34,STOCK_3584,-4.0,21.65
09:19:18,STOCK_4487,-2.0,19.45
09:19:18,STOCK_4487,-2.0,19.45
09:19:30,STOCK_4487,-4.0,19.85
09:19:43,STOCK_4548,-2.0,35.05
09:19:43,STOCK_4548,2.0,35.05
09:19:46,STOCK_3584,4.0,22.6
09:25:29,STOCK_4548,4.0,30.1
09:25:59,STOCK_3584,2.0,23.35
09:25:59,STOCK_3584,-2.0,23.4
09:26:21,STOCK_4548,-4.0,26.55
09:33:36,STOCK_4548,1.0,25.25
09:33:36,STOCK_4548,-1.0,25.3
09:33:36,STOCK_4548,-2.0,25.3
09:33:42,STOCK_3584,4.0,24.05
09:38:13,STOCK_3870,-1.0,402.55
09:38:19,STOCK_3584,-4.0,23.9
09:38:23,STOCK_3584,-4.0,23.35
09:38:26,STOCK_3584,-4.0,23.55
09:44:32,STOCK_4548,1.0,21.4
09:44:32,STOCK_4548,-3.0,21.45
09:53:54,STOCK_5226,2.0,28.05
09:53:54,STOCK_5226,2.0,28.1
09:56:50,STOCK_4487,-1.0,10.05
09:56:51,STOCK_4487,1.0,10.05
10:00:18,STOCK_4487,2.0,10.05
10:13:18,STOCK_3870,1.0,407.85
10:13:25,STOCK_3584,-3.0,22.65
10:13:25,STOCK_3584,-1.0,22.7
10:13:30,STOCK_3584,-4.0,22.4
10:13:34,STOCK_3584,4.0,22.3
10:13:37,STOCK_3584,-4.0,22.2
10:33:28,STOCK_5150,-1.0,24.1
10:33:28,STOCK_5150,-1.0,24.05
10:33:28,STOCK_5150,2.0,24.0
10:36:46,STOCK_5150,-1.0,22.85
10:36:46,STOCK_5150,-1.0,22.85
10:37:18,STOCK_5150,-1.0,22.15
10:37:18,STOCK_5150,-1.0,22.45
10:44:35,STOCK_5226,-1.0,47.9
10:44:48,STOCK_5226,-1.0,46.05
10:45:06,STOCK_5150,-4.0,21.4
10:46:25,STOCK_5226,-1.0,45.85
10:46:25,STOCK_5226,1.0,46.1
10:46:36,STOCK_4548,-1.0,28.1
10:46:36,STOCK_4548,1.0,28.1
10:46:46,STOCK_4548,-2.0,26.45
10:58:27,STOCK_3870,1.0,375.0
10:58:32,STOCK_5150,-4.0,23.9
10:58:37,STOCK_5150,4.0,23.6
11:03:19,STOCK_3870,1.0,385.95
11:03:23,STOCK_5150,4.0,24.15
11:03:26,STOCK_5150,-2.0,23.6
11:03:26,STOCK_5150,-1.0,23.65
11:03:26,STOCK_5150,1.0,23.6
11:03:29,STOCK_5150,-4.0,23.7
11:07:39,STOCK_4548,-1.0,20.8
11:07:39,STOCK_4548,1.0,20.8
11:07:39,STOCK_4548,-2.0,20.85
11:07:47,STOCK_5150,-3.0,22.2
11:07:47,STOCK_5150,1.0,22.2
11:15:12,STOCK_4487,-2.0,10.05
11:16:09,STOCK_4487,2.0,9.55
11:16:33,STOCK_4487,-2.0,9.05
11:16:42,STOCK_5226,-4.0,26.15
11:16:51,STOCK_4487,1.0,8.55
11:16:51,STOCK_4487,1.0,8.55
11:17:05,STOCK_5226,-1.0,24.9
11:17:05,STOCK_5226,1.0,25.1
11:23:52,STOCK_3870,-1.0,399.95
11:23:56,STOCK_5150,1.0,22.8
11:23:56,STOCK_5150,-3.0,22.8
11:24:01,STOCK_5150,1.0,22.3
11:24:01,STOCK_5150,3.0,22.35
11:24:33,STOCK_5150,2.0,21.9
11:24:33,STOCK_5150,-2.0,21.9
11:30:55,STOCK_5150,4.0,21.05
11:31:06,STOCK_5226,1.0,27.15
11:31:06,STOCK_5226,-3.0,27.1
11:31:24,STOCK_5150,-4.0,20.2
11:33:23,STOCK_3228,4.0,26.05
11:37:42,STOCK_3228,-4.0,25.1
11:37:46,STOCK_3228,3.0,24.5
11:37:46,STOCK_3228,-1.0,24.45
11:37:50,STOCK_5226,1.0,27.9
11:37:50,STOCK_5226,-1.0,27.9
11:37:50,STOCK_5226,1.0,27.9
11:37:50,STOCK_5226,-1.0,27.85
11:38:31,STOCK_3228,-1.0,23.15
11:38:31,STOCK_3228,-3.0,23.15
11:39:16,STOCK_3228,-1.0,20.9
11:39:16,STOCK_3228,-1.0,20.9
11:39:16,STOCK_3228,1.0,20.9
11:39:16,STOCK_3228,-1.0,20.9
11:39:45,STOCK_3584,1.0,11.0
11:39:46,STOCK_3584,1.0,10.9
11:39:48,STOCK_3584,-1.0,11.05
11:39:49,STOCK_3584,1.0,11.1
11:42:00,STOCK_3584,-2.0,10.05
11:42:06,STOCK_3228,-1.0,20.2
11:42:06,STOCK_3228,-2.0,20.25
11:42:06,STOCK_3228,-1.0,20.25
11:42:28,STOCK_3584,2.0,9.8
11:42:45,STOCK_3228,4.0,20.85
11:42:49,STOCK_3584,2.0,9.8
11:43:58,STOCK_6061,2.0,1.55
11:43:58,STOCK_6061,-2.0,1.55
11:43:59,STOCK_3584,2.0,9.8
11:44:25,STOCK_6061,4.0,1.5
11:44:32,STOCK_3584,2.0,9.8
11:44:39,STOCK_3584,2.0,9.7
11:44:48,STOCK_3584,2.0,9.65
11:44:53,STOCK_3228,4.0,20.05
11:44:56,STOCK_3228,-4.0,20.0
11:44:57,STOCK_3584,2.0,9.55
11:45:07,STOCK_3584,1.0,9.55
11:45:07,STOCK_3584,-1.0,9.55
11:45:20,STOCK_3584,2.0,9.3
11:45:22,STOCK_3228,4.0,19.1
11:45:28,STOCK_3896,1.0,30.75
11:45:29,STOCK_3584,-2.0,9.05
11:45:29,STOCK_3896,3.0,30.7
11:45:39,STOCK_3584,-2.0,9.05
11:45:54,STOCK_3584,-1.0,8.8
11:45:54,STOCK_3584,1.0,8.8
11:45:58,STOCK_3584,2.0,8.8
11:46:00,STOCK_6061,-2.0,1.45
11:46:00,STOCK_6061,1.0,1.45
11:46:00,STOCK_6061,1.0,1.45
11:46:07,STOCK_3896,4.0,28.75
11:46:10,STOCK_3584,1.0,8.55
11:46:10,STOCK_3584,1.0,8.55
11:46:16,STOCK_3584,2.0,8.45
11:46:28,STOCK_3584,2.0,8.3
11:46:33,STOCK_3584,2.0,8.25
11:46:48,STOCK_3584,2.0,8.3
11:46:55,STOCK_3896,-4.0,28.05
11:47:04,STOCK_3584,1.0,8.45
11:47:04,STOCK_3584,1.0,8.45
11:47:05,STOCK_3584,1.0,8.45
11:47:05,STOCK_3584,1.0,8.45
11:47:15,STOCK_3896,1.0,27.9
11:47:15,STOCK_3896,-1.0,27.85
11:47:15,STOCK_3896,-1.0,27.85
11:47:15,STOCK_3896,-1.0,27.85
11:48:19,STOCK_6061,4.0,1.4
11:48:34,STOCK_3584,-2.0,8.05
11:48:58,STOCK_3896,-1.0,25.35
11:48:58,STOCK_3896,1.0,25.35
11:48:58,STOCK_3896,1.0,25.35
11:48:58,STOCK_3896,-1.0,25.4
11:50:27,STOCK_3896,3.0,24.65
11:50:27,STOCK_3896,1.0,24.6
11:52:12,STOCK_6061,4.0,1.5
11:56:41,STOCK_5150,-1.0,10.05
11:56:41,STOCK_5150,3.0,10.05
11:56:53,STOCK_3896,4.0,25.3
11:57:40,STOCK_5150,4.0,10.05
11:58:13,STOCK_3870,-1.0,332.8
11:59:22,STOCK_3870,-1.0,317.8
11:59:36,STOCK_5150,4.0,9.8
11:59:42,STOCK_3870,1.0,306.45
11:59:44,STOCK_5150,3.0,9.55
11:59:44,STOCK_5150,1.0,9.55
12:00:03,STOCK_5150,3.0,9.55
12:00:03,STOCK_5150,1.0,9.55
12:01:02,STOCK_5150,-4.0,9.75
12:01:10,STOCK_3896,-2.0,21.75
12:01:10,STOCK_3896,2.0,21.75
12:01:14,STOCK_5150,-4.0,9.55
12:01:25,STOCK_5150,2.0,9.75
12:01:25,STOCK_5150,1.0,9.75
12:01:25,STOCK_5150,-1.0,9.75
12:01:29,STOCK_3896,-4.0,21.0
12:01:32,STOCK_3896,1.0,21.0
12:01:32,STOCK_3896,-2.0,20.95
12:01:32,STOCK_3896,-1.0,20.95
12:02:43,STOCK_5150,4.0,10.05
12:03:14,STOCK_5150,4.0,9.8
12:04:16,STOCK_4548,-1.0,23.65
12:04:16,STOCK_4548,-1.0,23.65
12:04:16,STOCK_4548,1.0,23.65
12:04:16,STOCK_4548,-1.0,23.65
12:04:19,STOCK_3896,-4.0,21.9
12:04:29,STOCK_4548,-1.0,22.4
12:04:29,STOCK_4548,-1.0,22.4
12:04:29,STOCK_4548,-1.0,22.4
12:04:29,STOCK_4548,-1.0,22.4
12:05:52,STOCK_4548,-1.0,20.4
12:05:52,STOCK_4548,-3.0,20.35
12:07:14,STOCK_5150,-4.0,9.55
12:07:47,STOCK_3896,-1.0,21.75
12:07:47,STOCK_3896,-3.0,21.7
12:12:03,STOCK_5226,-4.0,28.55
12:19:42,STOCK_5150,-4.0,9.05
12:20:06,STOCK_6061,4.0,1.45
12:20:25,STOCK_3870,-1.0,309.0
12:20:35,STOCK_3896,1.0,19.9
12:20:35,STOCK_3896,-3.0,19.9
12:20:38,STOCK_5150,3.0,8.55
12:20:38,STOCK_5150,1.0,8.55
12:22:12,STOCK_6061,-3.0,1.4
12:22:12,STOCK_6061,-1.0,1.4
12:23:24,STOCK_6061,1.0,1.35
12:23:30,STOCK_6061,1.0,1.35
12:23:30,STOCK_6061,1.0,1.35
12:23:30,STOCK_6061,1.0,1.35
12:24:44,STOCK_4548,2.0,22.65
12:24:44,STOCK_4548,-2.0,22.65
12:24:48,STOCK_3896,4.0,20.4
12:31:01,STOCK_5150,4.0,8.05
12:31:08,STOCK_4890,4.0,29.5
12:31:11,STOCK_3228,1.0,10.05
12:31:11,STOCK_3228,3.0,10.05
12:31:15,STOCK_4890,3.0,27.8
12:31:15,STOCK_4890,-1.0,27.8
12:31:18,STOCK_4890,-4.0,28.2
12:31:24,STOCK_4890,-4.0,28.35
12:31:59,STOCK_3870,1.0,333.75
12:33:42,STOCK_3870,1.0,330.6
12:42:15,STOCK_4548,-1.0,20.3
12:42:15,STOCK_4548,-3.0,20.3
12:42:26,STOCK_4548,-1.0,20.8
12:42:26,STOCK_4548,-1.0,20.8
12:42:26,STOCK_4548,1.0,20.8
12:42:26,STOCK_4548,-1.0,20.8
12:42:32,STOCK_4890,-1.0,30.95
12:42:32,STOCK_4890,1.0,30.9
12:42:32,STOCK_4890,2.0,30.9
12:45:08,STOCK_3870,1.0,348.45
12:50:49,STOCK_3228,-1.0,12.0
12:50:49,STOCK_3228,-1.0,12.0
12:50:49,STOCK_3228,1.0,11.95
12:50:49,STOCK_3228,1.0,11.95
12:51:34,STOCK_5226,1.0,30.6
12:51:34,STOCK_5226,-1.0,30.4
12:53:56,STOCK_4890,-4.0,28.25
12:55:40,STOCK_4890,1.0,27.5
12:55:40,STOCK_4890,3.0,27.5
12:59:51,STOCK_4890,1.0,28.55
12:59:51,STOCK_4890,3.0,28.55
13:00:20,STOCK_3228,4.0,9.55
13:00:20,STOCK_3228,4.0,10.05
13:00:26,STOCK_4890,-1.0,23.6
13:00:26,STOCK_4890,-3.0,23.6
13:00:30,STOCK_4890,-4.0,25.2
13:00:38,STOCK_3228,-4.0,9.7
13:00:44,STOCK_3228,-1.0,9.35
13:00:44,STOCK_3228,3.0,9.35
13:00:49,STOCK_4890,-4.0,22.7
13:00:52,STOCK_4890,4.0,23.05
13:01:00,STOCK_4890,-4.0,22.1
13:01:02,STOCK_3228,-4.0,9.05
13:01:43,STOCK_3228,4.0,10.05
13:03:15,STOCK_3228,-2.0,9.55
13:03:15,STOCK_3228,2.0,9.55
13:03:34,STOCK_4890,-3.0,22.1
13:03:34,STOCK_4890,1.0,22.1
13:03:36,STOCK_4890,-4.0,21.55
13:03:40,STOCK_4890,4.0,21.8
13:04:05,STOCK_6061,4.0,1.4
13:04:09,STOCK_3228,-4.0,9.05
13:04:18,STOCK_4890,-4.0,20.8
13:04:26,STOCK_4890,-3.0,20.5
13:04:26,STOCK_4890,1.0,20.5
13:04:29,STOCK_3228,4.0,8.55
13:04:32,STOCK_5050,-1.0,36.45
13:04:32,STOCK_5050,1.0,36.5
13:04:32,STOCK_5050,2.0,36.4
13:04:46,STOCK_5050,-2.0,36.1
13:04:46,STOCK_5050,-2.0,36.1
13:05:04,STOCK_5050,-4.0,34.1
13:05:11,STOCK_3228,4.0,8.05
13:05:35,STOCK_3870,-1.0,255.45
13:06:56,STOCK_6061,-2.0,1.45
13:06:56,STOCK_6061,1.0,1.45
13:06:56,STOCK_6061,1.0,1.45
13:10:32,STOCK_3870,1.0,246.15
13:10:38,STOCK_3870,-1.0,235.65
13:10:42,STOCK_3870,-1.0,236.1
13:14:41,STOCK_6061,4.0,1.5
13:14:52,STOCK_4548,-1.0,22.85
13:14:52,STOCK_4548,-2.0,22.8
13:14:52,STOCK_4548,-1.0,22.8
13:16:59,STOCK_6061,4.0,1.45
13:17:15,STOCK_3896,4.0,10.05
13:17:15,STOCK_3896,-1.0,10.05
13:17:15,STOCK_3896,-1.0,10.05
13:17:15,STOCK_3896,1.0,10.05
13:17:15,STOCK_3896,1.0,10.05
13:17:37,STOCK_3896,4.0,10.05
13:17:43,STOCK_5050,-2.0,27.15
13:17:43,STOCK_5050,2.0,27.2
13:17:46,STOCK_5050,-4.0,26.1
13:17:49,STOCK_3896,4.0,9.55
13:17:52,STOCK_3896,4.0,9.05
13:18:00,STOCK_5050,4.0,25.75
13:18:02,STOCK_5050,-3.0,25.1
13:18:02,STOCK_5050,-1.0,25.1
13:18:03,STOCK_3896,2.0,9.55
13:18:03,STOCK_3896,2.0,9.55
13:18:08,STOCK_4154,-1.0,43.35
13:18:08,STOCK_4154,-1.0,43.3
13:18:08,STOCK_4154,1.0,43.3
13:18:08,STOCK_4154,-1.0,43.3
13:19:03,STOCK_5226,1.0,76.95
13:19:04,STOCK_5226,1.0,77.65
13:19:06,STOCK_5226,-1.0,74.7
13:19:07,STOCK_5226,1.0,74.35
13:19:09,STOCK_5226,-1.0,75.7
13:19:09,STOCK_5226,1.0,76.0
13:19:10,STOCK_3896,4.0,10.05
13:19:11,STOCK_5226,-1.0,79.9
13:19:14,STOCK_5226,-1.0,87.4
13:19:14,STOCK_5226,1.0,84.65
13:19:17,STOCK_5226,1.0,79.9
13:19:17,STOCK_5226,-1.0,82.65
13:19:17,STOCK_5226,1.0,80.85
13:20:23,STOCK_4548,4.0,38.1
13:21:13,STOCK_5226,-1.0,81.1
13:21:14,STOCK_5226,1.0,81.15
13:21:16,STOCK_5226,1.0,83.9
13:21:16,STOCK_5226,1.0,84.45
13:21:18,STOCK_5226,1.0,84.05
13:21:19,STOCK_5226,1.0,83.9
13:21:55,STOCK_3896,-4.0,9.55
13:22:07,STOCK_3896,1.0,9.55
13:22:07,STOCK_3896,1.0,9.55
13:22:07,STOCK_3896,2.0,9.55
13:22:09,STOCK_5050,4.0,21.4
13:22:10,STOCK_5050,4.0,21.35
13:22:13,STOCK_5050,-1.0,21.15
13:22:13,STOCK_5050,1.0,21.15
13:22:13,STOCK_5050,2.0,21.15
13:22:15,STOCK_3896,4.0,9.05
13:22:23,STOCK_3896,2.0,8.5
13:22:23,STOCK_3896,4.0,8.55
13:22:23,STOCK_3896,-2.0,8.5
13:22:36,STOCK_4154,2.0,34.75
13:22:36,STOCK_4154,-2.0,34.7
13:22:43,STOCK_4154,-1.0,33.3
13:22:43,STOCK_4154,-1.0,33.3
13:22:43,STOCK_4154,-2.0,33.3
13:22:43,STOCK_4154,4.0,33.2
13:22:46,STOCK_4154,-4.0,32.75
13:23:53,STOCK_4154,-1.0,28.65
13:23:53,STOCK_4154,-3.0,28.7
13:23:54,STOCK_3896,4.0,7.55
13:23:56,STOCK_4154,-2.0,28.05
13:23:56,STOCK_4154,2.0,28.1
13:24:01,STOCK_5226,-1.0,98.55
13:24:02,STOCK_5226,1.0,97.7
13:24:09,STOCK_3979,1.0,409.75
13:25:58,STOCK_4890,4.0,10.05
13:26:06,STOCK_3979,1.0,417.5
13:26:15,STOCK_3979,1.0,425.0
13:26:26,STOCK_3979,-1.0,427.15
13:28:41,STOCK_4487,-3.0,22.35
13:28:41,STOCK_4487,-1.0,22.3
13:30:02,STOCK_3979,1.0,395.75
13:31:39,STOCK_3979,-1.0,376.9
13:32:18,STOCK_3979,-1.0,379.75
13:32:25,STOCK_3979,1.0,382.95
13:33:57,STOCK_6061,1.0,1.5
13:34:06,STOCK_6061,1.0,1.5
13:34:07,STOCK_6061,-1.0,1.5
13:34:08,STOCK_6061,-1.0,1.5
13:36:19,STOCK_4154,-4.0,30.35
13:36:23,STOCK_4154,-3.0,30.3
13:36:23,STOCK_4154,-1.0,30.25
13:36:41,STOCK_3896,1.0,7.05
13:36:41,STOCK_3896,-1.0,7.05
13:36:41,STOCK_3896,-1.0,7.05
13:36:41,STOCK_3896,-1.0,7.05
13:36:46,STOCK_4890,4.0,10.05
13:36:59,STOCK_4154,2.0,29.25
13:36:59,STOCK_4154,1.0,29.3
13:36:59,STOCK_4154,-1.0,29.3
13:37:12,STOCK_4890,-4.0,10.05
13:37:16,STOCK_4890,1.0,9.55
13:37:16,STOCK_4890,-1.0,9.55
13:37:16,STOCK_4890,-1.0,9.55
13:37:16,STOCK_4890,1.0,9.55
13:37:44,STOCK_6061,-2.0,1.5
13:37:44,STOCK_6061,-2.0,1.5
13:37:59,STOCK_6061,2.0,1.45
13:37:59,STOCK_6061,2.0,1.45
13:38:04,STOCK_6061,4.0,1.4
13:38:06,STOCK_4890,-4.0,9.55
13:38:28,STOCK_3660,-1.0,1.5
13:38:28,STOCK_3660,-1.0,1.5
13:38:28,STOCK_3660,-2.0,1.5
13:38:29,STOCK_4890,-4.0,9.05
13:38:33,STOCK_4154,-2.0,26.2
13:38:33,STOCK_4154,-2.0,26.15
13:38:38,STOCK_4890,4.0,8.55
13:38:45,STOCK_4890,2.0,8.05
13:38:45,STOCK_4890,2.0,8.05
13:38:47,STOCK_6061,4.0,1.35
13:38:51,STOCK_4154,1.0,22.05
13:38:51,STOCK_4154,3.0,22.0
13:38:55,STOCK_4890,-4.0,7.55
13:38:55,STOCK_4154,3.0,21.45
13:38:55,STOCK_4154,1.0,21.5
13:38:57,STOCK_4154,3.0,21.05
13:38:57,STOCK_4154,-1.0,21.05
13:39:00,STOCK_4154,-1.0,20.85
13:39:00,STOCK_4154,1.0,20.85
13:39:00,STOCK_4154,1.0,20.85
13:39:00,STOCK_4154,1.0,20.8
13:39:01,STOCK_3660,1.0,1.45
13:39:01,STOCK_3660,1.0,1.45
13:39:01,STOCK_3660,1.0,1.45
13:39:01,STOCK_3660,1.0,1.45
13:39:02,STOCK_4154,4.0,22.4
13:39:07,STOCK_6061,-2.0,1.3
13:39:07,STOCK_6061,1.0,1.3
13:39:08,STOCK_6061,1.0,1.3
13:39:16,STOCK_4890,4.0,8.6
13:39:23,STOCK_4890,3.0,8.05
13:39:23,STOCK_4890,1.0,8.05
13:39:24,STOCK_3660,-3.0,1.4
13:39:25,STOCK_3660,1.0,1.4
13:39:33,STOCK_4154,2.0,21.4
13:39:33,STOCK_4154,-2.0,21.35
13:39:34,STOCK_4154,3.0,20.75
13:39:34,STOCK_4154,1.0,20.75
13:39:36,STOCK_4154,4.0,20.55
13:39:37,STOCK_4890,-2.0,7.55
13:39:37,STOCK_4890,2.0,7.55
13:39:39,STOCK_4154,-1.0,19.25
13:39:39,STOCK_4154,-2.0,19.3
13:39:39,STOCK_4154,1.0,19.3
13:39:50,STOCK_4890,-1.0,7.45
13:39:50,STOCK_4890,1.0,7.45
13:39:50,STOCK_4890,-2.0,7.45
13:39:55,STOCK_4949,1.0,40.9
13:39:55,STOCK_4949,-3.0,40.9
13:39:58,STOCK_4949,1.0,40.6
13:39:58,STOCK_4949,-2.0,40.6
13:39:58,STOCK_4949,-1.0,40.6
13:40:00,STOCK_4890,4.0,7.05
13:40:00,STOCK_4949,1.0,40.2
13:40:00,STOCK_4949,-1.0,40.1
13:40:00,STOCK_4949,-1.0,40.1
13:40:00,STOCK_4949,-1.0,40.15
13:40:13,STOCK_4890,-4.0,7.05
13:40:16,STOCK_4890,3.0,7.05
13:40:16,STOCK_4890,1.0,7.1
13:40:23,STOCK_4890,4.0,7.05
13:40:33,STOCK_4890,1.0,7.05
13:40:33,STOCK_4890,3.0,7.05
13:43:32,STOCK_3660,2.0,1.35
13:43:33,STOCK_3660,2.0,1.35
13:44:16,STOCK_3660,4.0,1.3
13:44:27,STOCK_4548,-4.0,38.2
13:44:29,STOCK_4548,-1.0,37.85
13:44:29,STOCK_4548,-1.0,37.8
13:44:29,STOCK_4548,-1.0,37.85
13:44:29,STOCK_4548,-1.0,37.85
13:44:32,STOCK_4548,-1.0,37.2
13:44:32,STOCK_4548,-3.0,37.2
13:44:49,STOCK_4154,-4.0,22.15
13:45:10,STOCK_3660,-4.0,1.25
13:45:21,STOCK_4548,-2.0,37.5
13:45:21,STOCK_4548,-2.0,37.45
13:45:27,STOCK_4154,4.0,22.3
13:45:42,STOCK_4548,-4.0,31.2
13:45:46,STOCK_4548,2.0,28.3
13:45:46,STOCK_4548,-1.0,28.3
13:45:46,STOCK_4548,1.0,28.25
13:46:04,STOCK_3439,-1.0,376.6
13:46:05,STOCK_3439,-1.0,377.1
13:46:07,STOCK_3439,-1.0,390.85
13:46:10,STOCK_3439,1.0,403.65
13:46:12,STOCK_3439,-1.0,390.5
13:46:12,STOCK_3660,3.0,1.2
13:46:12,STOCK_3660,1.0,1.2
13:46:15,STOCK_3439,1.0,387.85
13:46:17,STOCK_3439,1.0,384.55
13:46:58,STOCK_3439,1.0,384.4
13:47:01,STOCK_3439,1.0,389.95
13:47:05,STOCK_3439,1.0,391.1
13:47:09,STOCK_3439,-1.0,397.8
13:47:13,STOCK_3439,1.0,403.6
13:47:17,STOCK_3439,1.0,401.25
13:47:17,STOCK_3439,1.0,397.25
13:47:21,STOCK_3439,1.0,407.55
13:47:22,STOCK_3439,1.0,412.5
13:47:24,STOCK_3439,1.0,414.45
13:47:24,STOCK_3439,1.0,414.1
13:49:41,STOCK_4154,-3.0,29.1
13:49:41,STOCK_4154,1.0,29.1
13:49:47,STOCK_4154,-4.0,31.5
13:50:10,STOCK_3660,4.0,1.15
13:50:20,STOCK_3439,-1.0,371.3
13:50:20,STOCK_3439,1.0,372.5
13:50:23,STOCK_3439,1.0,377.5
13:50:23,STOCK_3439,1.0,377.3
13:50:28,STOCK_4548,4.0,23.25
13:50:31,STOCK_4548,4.0,23.1
13:50:38,STOCK_4548,-3.0,21.35
13:50:38,STOCK_4548,1.0,21.35
13:50:41,STOCK_4548,-1.0,21.65
13:50:41,STOCK_4548,1.0,21.65
13:50:41,STOCK_4548,-2.0,21.6
13:51:25,STOCK_3439,1.0,375.35
13:51:25,STOCK_3439,-1.0,374.8
13:51:35,STOCK_4548,-2.0,20.2
13:51:35,STOCK_4548,-1.0,20.2
13:51:35,STOCK_4548,1.0,20.2
13:51:45,STOCK_3660,3.0,1.1
13:51:46,STOCK_4487,3.0,8.3
13:51:46,STOCK_4487,1.0,8.3
13:51:46,STOCK_3660,1.0,1.1
13:51:54,STOCK_5226,1.0,36.45
13:51:54,STOCK_5226,-3.0,36.4
13:51:56,STOCK_5226,3.0,34.8
13:51:56,STOCK_5226,-1.0,34.85
13:52:00,STOCK_5226,1.0,35.25
13:52:00,STOCK_5226,3.0,35.25
13:52:06,STOCK_3439,-1.0,396.7
13:52:08,STOCK_3439,1.0,401.15
13:52:09,STOCK_3439,1.0,402.3
13:52:09,STOCK_3439,1.0,403.15
13:52:46,STOCK_3660,-4.0,1.05
13:53:34,STOCK_4154,2.0,29.75
13:53:34,STOCK_4154,-2.0,29.75
13:54:24,STOCK_3660,-4.0,1.0
13:54:55,STOCK_3660,4.0,0.95
13:55:13,STOCK_4154,4.0,25.0
13:55:15,STOCK_4154,-4.0,24.45
13:55:17,STOCK_4154,2.0,24.6
13:55:17,STOCK_4154,-2.0,24.6
13:55:24,STOCK_3660,-4.0,0.9
13:55:35,STOCK_4154,1.0,24.45
13:55:35,STOCK_4154,1.0,24.4
13:55:35,STOCK_4154,1.0,24.4
13:55:35,STOCK_4154,-1.0,24.4
13:55:58,STOCK_3660,-4.0,0.9
13:56:32,STOCK_3660,5.0,0.9
13:56:32,STOCK_3660,-3.0,0.9
13:57:04,STOCK_3660,-4.0,0.85
13:57:54,STOCK_3439,-1.0,425.4
13:57:54,STOCK_3439,-1.0,427.35
13:57:56,STOCK_3439,1.0,427.65
13:57:56,STOCK_3439,1.0,425.5
13:57:58,STOCK_3439,-1.0,433.35
13:57:58,STOCK_3439,1.0,431.85
13:58:01,STOCK_4548,-4.0,10.05
13:58:03,STOCK_3439,1.0,432.05
13:58:03,STOCK_3439,1.0,431.75
13:58:15,STOCK_3439,-1.0,434.3
13:58:16,STOCK_3439,-1.0,435.55
13:58:24,STOCK_3177,1.0,336.75
13:58:24,STOCK_3177,1.0,336.4
13:59:31,STOCK_3660,-4.0,0.8
14:00:18,STOCK_4949,1.0,80.5
14:00:19,STOCK_4949,-1.0,79.0
14:00:19,STOCK_4949,-1.0,79.4
14:00:20,STOCK_4949,1.0,77.5
14:00:26,STOCK_4154,-1.0,32.3
14:00:26,STOCK_4154,-3.0,32.25
14:00:27,STOCK_4154,-3.0,33.1
14:00:27,STOCK_4154,-1.0,33.1
14:00:31,STOCK_4154,-1.0,35.05
14:00:31,STOCK_4154,-1.0,35.05
14:00:31,STOCK_4154,-1.0,35.1
14:00:31,STOCK_4154,1.0,35.1
14:00:38,STOCK_4949,1.0,81.1
14:00:38,STOCK_4949,1.0,82.2
14:00:39,STOCK_4949,1.0,80.8
14:00:41,STOCK_4949,-1.0,80.55
14:00:46,STOCK_4949,1.0,79.65
14:00:47,STOCK_4949,1.0,78.9
14:00:48,STOCK_4949,1.0,78.1
14:00:48,STOCK_4949,1.0,78.0
14:00:50,STOCK_4154,-1.0,34.75
14:00:50,STOCK_4154,-2.0,34.8
14:00:50,STOCK_4154,1.0,34.75
14:00:53,STOCK_4154,-2.0,33.55
14:00:53,STOCK_4154,2.0,33.55
14:00:56,STOCK_4154,-2.0,33.95
14:00:56,STOCK_4154,-2.0,33.95
14:01:01,STOCK_4154,-4.0,31.55
14:01:17,STOCK_3660,4.0,0.75
14:01:52,STOCK_4548,4.0,9.85
14:01:53,STOCK_4548,-3.0,9.55
14:01:53,STOCK_4548,1.0,9.55
14:01:56,STOCK_5226,4.0,20.5
14:01:57,STOCK_5226,-2.0,20.1
14:01:57,STOCK_5226,-1.0,20.1
14:01:57,STOCK_5226,-1.0,20.1
14:01:58,STOCK_4548,4.0,9.05
14:01:59,STOCK_5226,4.0,19.1
14:02:00,STOCK_4548,-4.0,8.55
14:02:01,STOCK_5226,1.0,18.4
14:02:01,STOCK_5226,-3.0,18.4
14:02:05,STOCK_3561,-1.0,44.4
14:02:05,STOCK_3561,2.0,44.4
14:02:05,STOCK_3561,-1.0,44.45
14:02:10,STOCK_3561,-1.0,46.65
14:02:10,STOCK_3561,1.0,46.7
14:02:10,STOCK_3561,-2.0,46.7
14:02:18,STOCK_3660,-4.0,0.7
14:02:29,STOCK_4548,-4.0,9.3
14:02:36,STOCK_4548,-3.0,9.05
14:02:36,STOCK_4548,1.0,9.05
14:02:36,STOCK_3561,-2.0,43.85
14:02:36,STOCK_3561,-2.0,43.85
14:02:37,STOCK_3561,1.0,42.7
14:02:37,STOCK_3561,2.0,42.7
14:02:37,STOCK_3561,1.0,42.65
14:02:38,STOCK_3561,-4.0,42.2
14:02:39,STOCK_4548,4.0,8.55
14:02:40,STOCK_3561,1.0,40.65
14:02:40,STOCK_3561,-2.0,40.65
14:02:40,STOCK_3561,-1.0,40.65
14:02:42,STOCK_4548,4.0,8.05
14:03:05,STOCK_3177,-1.0,365.9
14:03:05,STOCK_3177,2.0,365.95
14:03:05,STOCK_3177,-1.0,366.0
14:03:08,STOCK_3177,-1.0,367.15
14:03:08,STOCK_3177,3.0,367.5
14:03:10,STOCK_3177,3.0,367.85
14:03:10,STOCK_3177,1.0,367.85
14:03:26,STOCK_3561,-2.0,33.8
14:03:26,STOCK_3561,-2.0,33.8
14:03:28,STOCK_3561,-1.0,33.75
14:03:28,STOCK_3561,-1.0,33.85
14:03:28,STOCK_3561,-1.0,33.8
14:03:28,STOCK_3561,-1.0,33.8
14:03:30,STOCK_3561,4.0,35.1
14:03:36,STOCK_4548,-4.0,7.0
14:03:46,STOCK_4548,1.0,7.3
14:03:46,STOCK_4548,1.0,7.3
14:03:46,STOCK_4548,1.0,7.3
14:03:46,STOCK_4548,-1.0,7.3
14:03:48,STOCK_4548,4.0,7.55
14:03:57,STOCK_4548,-4.0,7.55
14:04:28,STOCK_4548,-4.0,8.05
14:05:01,STOCK_4548,4.0,7.85
14:05:28,STOCK_4548,2.0,8.55
14:05:28,STOCK_4548,2.0,8.55
14:05:30,STOCK_3439,-1.0,450.95
14:05:31,STOCK_3439,-1.0,449.4
14:05:48,STOCK_4548,2.0,8.05
14:05:48,STOCK_4548,1.0,8.05
14:05:48,STOCK_4548,1.0,8.05
14:06:21,STOCK_4548,4.0,8.55
14:06:43,STOCK_4548,-3.0,9.0
14:06:43,STOCK_4548,1.0,9.0
14:06:54,STOCK_4548,4.0,8.55
14:07:04,STOCK_4548,-4.0,8.55
14:08:22,STOCK_4548,-4.0,8.05
14:08:25,STOCK_4548,-4.0,7.55
14:08:29,STOCK_4548,-4.0,7.3
14:08:31,STOCK_4548,4.0,7.05
14:08:36,STOCK_4548,4.0,6.55
14:08:54,STOCK_3561,-3.0,34.5
14:08:54,STOCK_3561,1.0,34.5
14:08:55,STOCK_3561,3.0,34.45
14:08:55,STOCK_3561,-1.0,34.45
14:08:56,STOCK_3561,-1.0,34.2
14:08:56,STOCK_3561,3.0,34.15
14:08:59,STOCK_3561,-4.0,33.9
14:11:28,STOCK_5226,-3.0,8.05
14:11:28,STOCK_5226,1.0,8.05
14:11:28,STOCK_5226,4.0,9.05
14:11:28,STOCK_5226,4.0,8.55
14:11:47,STOCK_3870,-1.0,286.55
14:11:47,STOCK_3870,3.0,286.6
14:11:49,STOCK_3870,1.0,292.0
14:11:49,STOCK_3870,1.0,292.05
14:11:49,STOCK_3870,-1.0,292.0
14:11:49,STOCK_3870,1.0,292.0
14:11:53,STOCK_3870,1.0,302.7
14:11:53,STOCK_3870,1.0,302.65
14:11:53,STOCK_3870,1.0,302.55
14:11:53,STOCK_3870,-1.0,302.6
14:11:56,STOCK_3870,1.0,300.75
14:11:56,STOCK_3870,1.0,300.85
14:11:56,STOCK_3870,2.0,300.85
14:12:19,STOCK_4154,1.0,70.6
14:12:19,STOCK_4154,3.0,70.65
14:12:21,STOCK_4154,2.0,74.8
14:12:21,STOCK_4154,2.0,74.85
14:12:27,STOCK_4154,2.0,68.3
14:12:27,STOCK_4154,2.0,68.35
14:12:35,STOCK_4154,1.0,67.6
14:12:35,STOCK_4154,1.0,67.55
14:12:35,STOCK_4154,2.0,67.55
14:12:38,STOCK_4154,-1.0,66.55
14:12:38,STOCK_4154,1.0,66.6
14:12:38,STOCK_4154,1.0,66.6
14:12:38,STOCK_4154,1.0,66.6
14:12:43,STOCK_4154,2.0,66.0
14:12:43,STOCK_4154,1.0,66.0
14:12:43,STOCK_4154,1.0,66.0
14:12:53,STOCK_4154,-4.0,71.0
14:13:00,STOCK_4154,2.0,73.7
14:13:00,STOCK_4154,-2.0,73.7
14:13:05,STOCK_4154,4.0,79.85
14:13:09,STOCK_4154,1.0,86.15
14:13:10,STOCK_4154,3.0,86.15
14:13:24,STOCK_5628,-1.0,46.55
14:13:24,STOCK_5628,-3.0,46.65
14:13:27,STOCK_5226,4.0,7.55
14:13:30,STOCK_4154,1.0,77.1
14:13:30,STOCK_4154,1.0,77.1
14:13:30,STOCK_4154,-1.0,77.1
14:13:30,STOCK_4154,1.0,77.0
14:13:36,STOCK_5628,1.0,48.35
14:13:36,STOCK_5628,-1.0,48.35
14:13:36,STOCK_5628,-1.0,48.4
14:13:36,STOCK_5628,-1.0,48.35
14:13:40,STOCK_5628,1.0,50.7
14:13:40,STOCK_5628,2.0,50.65
14:13:40,STOCK_5628,-1.0,50.6
14:13:48,STOCK_3439,1.0,514.65
14:13:49,STOCK_3439,-1.0,512.75
14:13:52,STOCK_3439,1.0,521.75
14:13:53,STOCK_3439,-1.0,520.7
14:14:02,STOCK_5628,4.0,51.8
14:14:28,STOCK_4154,2.0,95.6
14:14:28,STOCK_4154,2.0,95.65
14:14:28,STOCK_5226,4.0,7.05
14:14:29,STOCK_4154,4.0,95.35
14:14:32,STOCK_4154,2.0,95.15
14:14:32,STOCK_4154,-1.0,95.15
14:14:32,STOCK_4154,1.0,95.15
14:14:41,STOCK_4154,1.0,88.35
14:14:41,STOCK_4154,1.0,88.35
14:14:41,STOCK_4154,-1.0,88.35
14:14:41,STOCK_4154,1.0,88.3
14:14:56,STOCK_4890,1.0,22.7
14:14:56,STOCK_4890,1.0,22.7
14:14:56,STOCK_4890,2.0,22.7
14:14:57,STOCK_4890,4.0,22.35
14:15:00,STOCK_4154,-4.0,90.35
14:15:03,STOCK_4154,-3.0,94.05
14:15:03,STOCK_4154,-1.0,94.1
14:15:03,STOCK_5226,4.0,6.55
14:15:06,STOCK_4154,-1.0,96.95
14:15:06,STOCK_4154,3.0,97.0
14:15:11,STOCK_4890,-3.0,26.5
14:15:11,STOCK_4890,1.0,26.5
14:15:15,STOCK_4890,4.0,27.8
14:15:16,STOCK_5226,-1.0,6.05
14:15:16,STOCK_5226,3.0,6.05
14:15:20,STOCK_4154,-2.0,104.9
14:15:20,STOCK_4154,2.0,104.9
14:15:38,STOCK_4154,4.0,126.25
14:15:39,STOCK_4154,4.0,121.25
14:15:53,STOCK_4890,-1.0,26.8
14:15:53,STOCK_4890,-1.0,26.8
14:15:53,STOCK_4890,1.0,26.8
14:15:53,STOCK_4890,-1.0,26.8
14:15:58,STOCK_4890,-4.0,22.2
14:16:01,STOCK_4890,-1.0,20.7
14:16:01,STOCK_4890,-2.0,20.7
14:16:01,STOCK_4890,-1.0,20.7
14:16:24,STOCK_4890,-4.0,17.05
14:16:29,STOCK_3439,-1.0,534.25
14:16:29,STOCK_3439,-1.0,534.95
14:16:31,STOCK_3439,-1.0,532.15
14:16:31,STOCK_3439,-1.0,534.5
14:16:32,STOCK_3439,-1.0,531.75
14:16:32,STOCK_3439,-1.0,530.85
14:16:49,STOCK_4154,3.0,98.85
14:16:49,STOCK_4154,-1.0,98.8
14:16:51,STOCK_4154,-4.0,102.2
14:16:54,STOCK_4154,-1.0,99.85
14:16:54,STOCK_4154,-2.0,99.8
14:16:54,STOCK_4154,1.0,99.8
14:17:00,STOCK_4890,-2.0,26.45
14:17:00,STOCK_4890,1.0,26.5
14:17:00,STOCK_4890,-1.0,26.5
14:17:03,STOCK_4890,-4.0,26.9
14:17:13,STOCK_4890,-1.0,24.55
14:17:13,STOCK_4890,-3.0,24.5
14:17:31,STOCK_4890,4.0,23.35
14:17:33,STOCK_4890,-1.0,23.3
14:17:33,STOCK_4890,-1.0,23.3
14:17:33,STOCK_4890,1.0,23.25
14:17:33,STOCK_4890,-1.0,23.25
14:17:36,STOCK_4890,-4.0,23.3
14:17:40,STOCK_4890,-4.0,23.15
14:17:45,STOCK_4890,-4.0,20.6
14:17:58,STOCK_5050,-1.0,39.15
14:17:58,STOCK_5050,1.0,39.15
14:17:58,STOCK_5050,2.0,39.15
14:18:10,STOCK_5050,-1.0,37.65
14:18:10,STOCK_5050,-3.0,37.6
14:18:12,STOCK_5050,-1.0,36.5
14:18:12,STOCK_5050,2.0,36.5
14:18:12,STOCK_5050,-1.0,36.5
14:18:22,STOCK_5050,-1.0,38.25
14:18:22,STOCK_5050,-1.0,38.2
14:18:22,STOCK_5050,1.0,38.2
14:18:22,STOCK_5050,-1.0,38.2
14:18:42,STOCK_4154,1.0,97.3
14:18:42,STOCK_4154,-1.0,97.35
14:18:42,STOCK_4154,2.0,97.4
14:18:45,STOCK_4154,-4.0,94.05
14:19:18,STOCK_3439,1.0,527.3
14:19:19,STOCK_3439,1.0,527.15
14:19:28,STOCK_5050,-4.0,42.4
14:19:31,STOCK_5050,-1.0,40.7
14:19:31,STOCK_5050,3.0,40.65
14:19:52,STOCK_5050,-4.0,38.45
14:19:54,STOCK_5050,3.0,36.15
14:19:54,STOCK_5050,-1.0,36.15
14:19:58,STOCK_5050,1.0,36.45
14:19:58,STOCK_5050,3.0,36.4
14:20:41,STOCK_3561,-2.0,22.9
14:20:41,STOCK_3561,1.0,22.95
14:20:41,STOCK_3561,1.0,22.95
14:20:43,STOCK_3561,-1.0,23.65
14:20:43,STOCK_3561,-1.0,23.65
14:20:43,STOCK_3561,-1.0,23.6
14:20:43,STOCK_3561,1.0,23.6
14:20:51,STOCK_3439,-1.0,497.6
14:20:51,STOCK_3439,1.0,498.4
14:20:53,STOCK_3439,-1.0,491.6
14:20:53,STOCK_3439,-1.0,489.9
14:20:56,STOCK_3439,1.0,499.75
14:20:56,STOCK_3439,1.0,498.7
14:20:59,STOCK_3439,-1.0,503.05
14:20:59,STOCK_3439,1.0,502.95
14:21:04,STOCK_3439,-1.0,498.6
14:21:04,STOCK_3439,-1.0,498.55
14:21:19,STOCK_5050,-2.0,27.95
14:21:19,STOCK_5050,2.0,27.95
14:21:22,STOCK_5050,4.0,27.55
14:21:25,STOCK_5050,4.0,27.25
14:21:28,STOCK_5050,-4.0,26.9
14:21:39,STOCK_5050,-4.0,22.4
14:21:40,STOCK_5050,4.0,21.05
14:21:47,STOCK_3177,-2.0,369.7
14:21:50,STOCK_3177,1.0,363.65
14:21:50,STOCK_3177,-1.0,363.6
14:21:52,STOCK_3177,1.0,364.45
14:21:52,STOCK_3177,-1.0,364.35
14:22:02,STOCK_3177,1.0,359.25
14:22:02,STOCK_3177,1.0,360.95
14:22:05,STOCK_3177,-1.0,351.45
14:22:05,STOCK_3177,1.0,351.3
14:22:07,STOCK_3177,-1.0,357.6
14:22:07,STOCK_3177,-1.0,357.55
14:22:09,STOCK_3177,-1.0,350.85
14:22:09,STOCK_3177,-1.0,350.85
14:22:13,STOCK_3870,-2.0,261.0
14:22:20,STOCK_3870,2.0,250.45
14:22:22,STOCK_3870,2.0,245.1
14:22:25,STOCK_3870,-1.0,247.25
14:22:25,STOCK_3870,-1.0,247.2
14:22:29,STOCK_3870,-2.0,251.5
14:23:03,STOCK_3870,-1.0,253.55
14:23:03,STOCK_3870,-1.0,253.8
14:23:06,STOCK_3870,-1.0,249.85
14:23:06,STOCK_3870,1.0,249.0
14:23:21,STOCK_6061,8.0,0.3
14:23:23,STOCK_6061,8.0,0.3
14:23:26,STOCK_6061,8.0,0.3
14:23:38,STOCK_6061,-8.0,0.35
14:23:50,STOCK_4890,8.0,5.9
14:23:55,STOCK_4890,-1.0,5.95
14:23:55,STOCK_4890,1.0,5.95
14:23:55,STOCK_4890,2.0,5.95
14:23:55,STOCK_4890,2.0,5.95
14:23:55,STOCK_4890,1.0,5.95
14:23:55,STOCK_4890,1.0,5.95
14:23:59,STOCK_4890,8.0,6.05
14:24:23,STOCK_4154,-4.0,26.05
14:24:26,STOCK_4154,-4.0,25.05
14:24:26,STOCK_5050,2.0,10.05
14:24:26,STOCK_5050,2.0,10.05
14:24:27,STOCK_5050,2.0,9.55
14:24:27,STOCK_5050,2.0,9.55
14:24:28,STOCK_4154,2.0,23.05
14:24:28,STOCK_4154,-2.0,23.05
14:24:34,STOCK_3870,-1.0,229.05
14:24:35,STOCK_3870,-1.0,230.0
14:24:47,STOCK_5628,1.0,97.8
14:24:48,STOCK_5628,1.0,100.95
14:24:48,STOCK_5628,-1.0,99.05
14:24:49,STOCK_5628,-1.0,101.85
14:24:50,STOCK_5628,-1.0,102.55
14:24:51,STOCK_5628,1.0,98.8
14:24:55,STOCK_5628,1.0,99.75
14:24:55,STOCK_5628,1.0,101.0
14:25:03,STOCK_4154,-3.0,24.85
14:25:03,STOCK_4154,-1.0,24.9
14:25:12,STOCK_4890,-2.0,5.75
14:25:12,STOCK_4890,2.0,5.75
14:25:24,STOCK_4890,1.0,6.05
14:25:24,STOCK_4890,-1.0,6.05
14:25:24,STOCK_4890,1.0,6.05
14:25:24,STOCK_4890,-1.0,6.1
14:25:24,STOCK_4890,1.0,6.1
14:25:24,STOCK_4890,1.0,6.1
14:25:24,STOCK_4890,1.0,6.15
14:25:25,STOCK_4890,1.0,6.05
14:25:31,STOCK_4890,4.0,6.05
14:26:01,STOCK_4890,1.0,6.55
14:26:01,STOCK_4890,-3.0,6.55
14:26:06,STOCK_4890,1.0,6.6
14:26:06,STOCK_4890,3.0,6.6
14:26:35,STOCK_3561,3.0,26.4
14:26:35,STOCK_3561,1.0,26.4
14:26:37,STOCK_3561,-3.0,27.3
14:26:37,STOCK_3561,-1.0,27.3
14:26:40,STOCK_3561,-4.0,27.25
14:26:43,STOCK_3561,-1.0,27.8
14:26:43,STOCK_3561,-1.0,27.8
14:26:43,STOCK_3561,1.0,27.8
14:26:43,STOCK_3561,1.0,27.85
14:26:45,STOCK_3561,-1.0,28.2
14:26:45,STOCK_3561,-2.0,28.2
14:26:45,STOCK_3561,-1.0,28.2
14:27:02,STOCK_4890,4.0,6.55
14:27:12,STOCK_4890,4.0,6.05
14:27:14,STOCK_4890,2.0,5.75
14:27:14,STOCK_4890,2.0,5.75
14:27:16,STOCK_4890,1.0,5.55
14:27:16,STOCK_4890,1.0,5.55
14:27:16,STOCK_4890,1.0,5.55
14:27:16,STOCK_4890,1.0,5.55
14:27:40,STOCK_5050,-4.0,8.05
14:28:02,STOCK_5628,1.0,83.3
14:28:02,STOCK_5628,1.0,83.35
14:28:02,STOCK_5628,2.0,83.35
14:28:06,STOCK_3561,-3.0,34.55
14:28:06,STOCK_3561,-1.0,34.5
14:28:09,STOCK_3561,-4.0,36.2
14:28:12,STOCK_3561,-1.0,36.75
14:28:12,STOCK_3561,-3.0,36.75
14:28:15,STOCK_3561,-3.0,35.5
14:28:15,STOCK_3561,1.0,35.55
14:28:21,STOCK_5628,4.0,87.0
14:28:27,STOCK_4154,4.0,27.75
14:28:34,STOCK_4154,-1.0,28.35
14:28:34,STOCK_4154,-3.0,28.35
14:28:36,STOCK_4154,1.0,27.05
14:28:36,STOCK_4154,3.0,27.05
14:28:39,STOCK_4154,-2.0,27.9
14:28:39,STOCK_4154,-2.0,27.9
14:28:45,STOCK_3870,1.0,250.85
14:28:46,STOCK_3870,1.0,252.45
14:28:52,STOCK_4154,1.0,29.05
14:28:52,STOCK_4154,-1.0,29.05
14:28:52,STOCK_4154,-1.0,29.1
14:28:52,STOCK_4154,1.0,29.05
14:28:54,STOCK_4154,1.0,29.65
14:28:54,STOCK_4154,-2.0,29.65
14:28:54,STOCK_4154,-1.0,29.65
14:28:58,STOCK_3870,1.0,261.0
14:28:58,STOCK_3870,1.0,258.65
14:29:01,STOCK_3870,-1.0,261.75
14:29:02,STOCK_3870,1.0,261.4
14:29:03,STOCK_3870,-1.0,255.55
14:29:04,STOCK_3870,-1.0,258.0
14:29:08,STOCK_4154,-1.0,30.3
14:29:08,STOCK_4154,-1.0,30.25
14:29:08,STOCK_4154,-2.0,30.25
14:29:49,STOCK_3870,1.0,222.0
14:29:49,STOCK_5050,4.0,7.55
14:29:49,STOCK_3870,-1.0,220.25
14:29:50,STOCK_5050,4.0,7.05
14:29:51,STOCK_3870,-1.0,213.95
14:29:51,STOCK_3870,1.0,211.65
14:29:52,STOCK_5050,4.0,6.55
14:29:53,STOCK_3870,1.0,211.0
14:29:53,STOCK_3870,1.0,207.25
14:29:55,STOCK_3870,1.0,213.9
14:29:55,STOCK_3870,-1.0,214.9
14:30:02,STOCK_4949,2.0,59.95
14:30:02,STOCK_4949,-2.0,59.95
14:30:04,STOCK_4949,2.0,58.2
14:30:04,STOCK_4949,-1.0,58.2
14:30:04,STOCK_4949,-1.0,58.25
14:30:09,STOCK_4949,4.0,54.95
14:30:13,STOCK_4949,-1.0,50.3
14:30:13,STOCK_4949,1.0,50.25
14:30:13,STOCK_4949,-1.0,50.25
14:30:13,STOCK_4949,-1.0,50.3
14:30:35,STOCK_5050,2.0,6.05
14:30:35,STOCK_5050,2.0,6.05
14:30:39,STOCK_4949,2.0,44.6
14:30:39,STOCK_4949,-2.0,44.6
14:30:41,STOCK_4949,-2.0,44.25
14:30:41,STOCK_4949,1.0,44.25
14:30:41,STOCK_4949,-1.0,44.25
14:30:43,STOCK_4949,-4.0,44.45
14:30:45,STOCK_4949,1.0,43.05
14:30:45,STOCK_4949,-1.0,43.05
14:30:45,STOCK_4949,-1.0,43.05
14:30:45,STOCK_4949,1.0,43.05
14:30:48,STOCK_5050,-4.0,5.55
14:30:48,STOCK_4949,1.0,42.4
14:30:48,STOCK_4949,-3.0,42.45
14:30:50,STOCK_4949,-3.0,40.35
14:30:50,STOCK_4949,-1.0,40.35
14:30:52,STOCK_4949,4.0,37.9
14:30:55,STOCK_4949,-4.0,39.45
14:30:56,STOCK_5050,4.0,5.05
14:30:59,STOCK_4949,-4.0,36.95
14:31:02,STOCK_4949,-1.0,33.3
14:31:02,STOCK_4949,2.0,33.3
14:31:02,STOCK_4949,-1.0,33.25
14:31:20,STOCK_5628,2.0,131.65
14:31:20,STOCK_5628,1.0,131.7
14:31:20,STOCK_5628,-1.0,131.7
14:31:44,STOCK_5628,3.0,142.55
14:31:44,STOCK_5628,1.0,142.55
14:31:45,STOCK_5628,1.0,139.15
14:31:45,STOCK_5628,3.0,139.2
14:31:49,STOCK_5628,3.0,139.1
14:31:49,STOCK_5628,-1.0,139.15
14:32:08,STOCK_5050,4.0,5.4
14:32:12,STOCK_5050,1.0,5.3
14:32:12,STOCK_5050,-1.0,5.3
14:32:12,STOCK_5050,1.0,5.3
14:32:12,STOCK_5050,1.0,5.3
14:32:24,STOCK_5050,-4.0,5.05
14:32:25,STOCK_5050,1.0,5.2
14:32:25,STOCK_5050,-1.0,5.2
14:32:25,STOCK_5050,2.0,5.25
14:32:26,STOCK_5050,4.0,5.05
14:32:31,STOCK_5050,-1.0,5.05
14:32:31,STOCK_5050,-3.0,5.05
14:32:40,STOCK_5050,4.0,4.8
14:32:43,STOCK_3561,1.0,68.15
14:32:43,STOCK_3561,-2.0,68.25
14:32:43,STOCK_3561,1.0,68.3
14:32:46,STOCK_3561,-2.0,67.7
14:32:46,STOCK_3561,2.0,67.75
14:32:51,STOCK_5226,4.0,26.65
14:32:56,STOCK_5226,-2.0,25.55
14:32:56,STOCK_5226,-2.0,25.5
14:33:07,STOCK_5226,2.0,24.9
14:33:07,STOCK_5226,-2.0,24.95
14:33:12,STOCK_3561,-1.0,68.05
14:33:12,STOCK_3561,3.0,68.05
14:33:15,STOCK_3561,-2.0,72.5
14:33:15,STOCK_3561,1.0,72.3
14:33:15,STOCK_3561,-1.0,72.3
14:33:17,STOCK_3561,4.0,68.75
14:33:20,STOCK_3561,1.0,73.05
14:33:20,STOCK_3561,-2.0,73.1
14:33:20,STOCK_3561,1.0,73.1
14:33:23,STOCK_3561,-4.0,74.2
14:35:41,STOCK_5628,-3.0,129.1
14:35:41,STOCK_5628,-1.0,129.1
14:35:42,STOCK_5628,2.0,129.25
14:35:42,STOCK_5628,-1.0,129.3
14:35:42,STOCK_5628,-1.0,129.3
14:35:43,STOCK_5628,1.0,126.65
14:35:43,STOCK_5628,-1.0,126.65
14:35:43,STOCK_5628,-1.0,126.6
14:35:43,STOCK_5628,-1.0,126.6
14:35:44,STOCK_5628,-1.0,122.85
14:35:44,STOCK_5628,-1.0,122.8
14:35:44,STOCK_5628,2.0,122.75
14:35:53,STOCK_5226,1.0,19.95
14:35:53,STOCK_5226,-1.0,19.95
14:35:53,STOCK_5226,-2.0,19.9
14:35:53,STOCK_5226,-4.0,19.9
14:35:55,STOCK_5226,-4.0,19.7
14:35:55,STOCK_5226,1.0,19.75
14:35:55,STOCK_5226,1.0,19.75
14:35:55,STOCK_5226,-1.0,19.75
14:35:55,STOCK_5226,-1.0,19.75
14:35:58,STOCK_5226,1.0,20.4
14:35:58,STOCK_5226,-1.0,20.4
14:35:58,STOCK_5226,-1.0,20.4
14:35:58,STOCK_5226,-2.0,20.4
14:35:58,STOCK_5226,-1.0,20.45
14:35:58,STOCK_5226,2.0,20.4
14:36:04,STOCK_3561,1.0,56.1
14:36:04,STOCK_3561,1.0,56.1
14:36:04,STOCK_3561,-2.0,56.1
14:36:05,STOCK_3561,4.0,55.9
14:36:09,STOCK_5226,-1.0,20.7
14:36:09,STOCK_5226,-1.0,20.7
14:36:09,STOCK_5226,2.0,20.7
14:36:26,STOCK_3561,8.0,63.0
14:36:30,STOCK_5226,1.0,23.6
14:36:30,STOCK_5226,-1.0,23.55
14:36:30,STOCK_5226,-2.0,23.6
14:36:30,STOCK_5226,-3.0,23.6
14:36:30,STOCK_5226,1.0,23.6
14:36:35,STOCK_3561,3.0,64.25
14:36:35,STOCK_3561,2.0,64.25
14:36:35,STOCK_3561,-1.0,64.25
14:36:35,STOCK_3561,1.0,64.25
14:36:35,STOCK_3561,-1.0,64.25
14:36:38,STOCK_5226,-6.0,22.65
14:36:38,STOCK_5226,-2.0,22.65
14:36:40,STOCK_5226,-1.0,21.75
14:36:40,STOCK_5226,1.0,21.75
14:36:40,STOCK_5226,1.0,21.75
14:36:40,STOCK_5226,-1.0,21.75
14:36:54,STOCK_5050,8.0,4.0
14:36:56,STOCK_5050,3.0,4.15
14:36:56,STOCK_5050,-1.0,4.15
14:36:56,STOCK_5050,1.0,4.15
14:36:56,STOCK_5050,-1.0,4.15
14:36:56,STOCK_5050,-1.0,4.15
14:36:56,STOCK_5050,1.0,4.15
14:36:59,STOCK_5050,1.0,4.2
14:36:59,STOCK_5050,-2.0,4.2
14:36:59,STOCK_5050,2.0,4.2
14:36:59,STOCK_5050,3.0,4.2
14:37:05,STOCK_5050,-4.0,4.2
14:38:04,STOCK_4949,-1.0,35.6
14:38:04,STOCK_4949,-3.0,35.6
14:38:05,STOCK_4949,1.0,36.05
14:38:05,STOCK_4949,1.0,36.05
14:38:05,STOCK_4949,2.0,36.1
14:38:05,STOCK_4949,1.0,36.1
14:38:05,STOCK_4949,-2.0,36.1
14:38:05,STOCK_4949,1.0,36.05
14:38:08,STOCK_4949,-2.0,35.95
14:38:08,STOCK_4949,-1.0,35.95
14:38:08,STOCK_4949,-1.0,36.0
14:38:08,STOCK_4949,-1.0,36.0
14:38:08,STOCK_4949,-1.0,36.0
14:38:08,STOCK_4949,-1.0,36.0
14:38:08,STOCK_4949,1.0,36.0
14:38:17,STOCK_3870,-1.0,177.3
14:38:17,STOCK_3870,1.0,177.5
14:38:19,STOCK_4949,1.0,31.7
14:38:19,STOCK_4949,2.0,31.75
14:38:19,STOCK_4949,-1.0,31.75
14:38:19,STOCK_4949,-2.0,30.5
14:38:19,STOCK_4949,-1.0,30.5
14:38:19,STOCK_4949,1.0,30.5
14:38:21,STOCK_4949,-1.0,31.55
14:38:21,STOCK_4949,-2.0,31.55
14:38:21,STOCK_4949,-1.0,31.55
14:38:24,STOCK_4949,1.0,30.3
14:38:24,STOCK_4949,-1.0,30.3
14:38:24,STOCK_4949,2.0,30.3
14:38:27,STOCK_4949,2.0,30.1
14:38:27,STOCK_4949,-2.0,30.05
14:38:30,STOCK_4949,4.0,31.95
14:38:35,STOCK_3870,1.0,183.95
14:38:36,STOCK_3870,1.0,183.55
14:38:38,STOCK_3870,1.0,184.6
14:38:38,STOCK_3870,1.0,185.45
14:38:40,STOCK_3870,-1.0,184.35
14:38:41,STOCK_3870,-1.0,186.0
14:38:43,STOCK_3870,1.0,186.6
14:38:43,STOCK_3870,1.0,187.35
14:40:00,STOCK_3561,-1.0,71.5
14:40:00,STOCK_3561,-3.0,71.55
14:40:02,STOCK_3561,-4.0,73.65
14:40:03,STOCK_3561,4.0,73.1
14:40:07,STOCK_3561,4.0,74.85
14:40:10,STOCK_3561,3.0,75.7
14:40:10,STOCK_3561,-1.0,75.7
14:40:16,STOCK_3561,-4.0,75.8
14:40:28,STOCK_4949,-2.0,29.05
14:40:28,STOCK_4949,2.0,29.05
14:40:33,STOCK_5050,2.0,3.35
14:40:33,STOCK_5050,6.0,3.35
14:40:37,STOCK_5226,-1.0,21.6
14:40:37,STOCK_5226,-1.0,21.6
14:40:37,STOCK_5226,-1.0,21.6
14:40:37,STOCK_5226,1.0,21.6
14:40:37,STOCK_5226,-1.0,21.8
14:40:37,STOCK_5226,2.0,21.8
14:40:37,STOCK_5226,1.0,21.8
14:40:39,STOCK_5226,-1.0,21.75
14:40:39,STOCK_5226,2.0,21.75
14:40:39,STOCK_5226,1.0,21.8
14:40:42,STOCK_5226,-4.0,21.6
14:40:45,STOCK_5226,2.0,21.3
14:40:45,STOCK_5226,-1.0,21.35
14:40:45,STOCK_5226,-1.0,21.3
14:40:48,STOCK_5226,1.0,21.45
14:40:48,STOCK_5226,1.0,21.45
14:40:48,STOCK_5226,2.0,21.45
14:40:53,STOCK_5226,1.0,19.4
14:40:53,STOCK_5226,-1.0,19.4
14:40:53,STOCK_5226,-1.0,19.35
14:40:53,STOCK_5226,-1.0,19.35
14:40:55,STOCK_5226,3.0,19.75
14:40:55,STOCK_5226,1.0,19.75
14:40:57,STOCK_5226,-1.0,20.05
14:40:57,STOCK_5226,-1.0,20.1
14:40:57,STOCK_5226,1.0,20.1
14:40:57,STOCK_5226,-1.0,20.05
14:41:20,STOCK_4154,-4.0,8.1
14:41:20,STOCK_4154,4.0,8.1
14:41:28,STOCK_4154,4.0,7.05
14:41:32,STOCK_4154,-4.0,6.55
14:41:44,STOCK_4949,2.0,28.55
14:41:44,STOCK_4949,-2.0,28.55
14:41:45,STOCK_4949,-1.0,27.65
14:41:45,STOCK_4949,-1.0,27.65
14:41:45,STOCK_4949,-2.0,27.6
14:41:48,STOCK_4949,-4.0,27.1
14:44:06,STOCK_3561,-3.0,64.6
14:44:06,STOCK_3561,1.0,64.6
14:44:09,STOCK_5226,-4.0,19.95
14:44:11,STOCK_5226,-2.0,20.4
14:44:11,STOCK_5226,-1.0,20.4
14:44:11,STOCK_5226,-1.0,20.4
14:44:14,STOCK_5226,-2.0,21.2
14:44:14,STOCK_5226,-2.0,21.2
14:44:17,STOCK_5226,-1.0,21.5
14:44:17,STOCK_5226,-3.0,21.5
14:44:23,STOCK_3561,-1.0,69.7
14:44:23,STOCK_3561,-1.0,69.7
14:44:23,STOCK_3561,1.0,69.7
14:44:23,STOCK_3561,1.0,69.7
14:44:25,STOCK_3561,4.0,68.6
14:44:30,STOCK_5226,-4.0,21.0
14:44:32,STOCK_5226,-1.0,21.25
14:44:32,STOCK_5226,-1.0,21.25
14:44:32,STOCK_5226,-1.0,21.3
14:44:32,STOCK_5226,1.0,21.25
14:44:36,STOCK_3561,3.0,71.6
14:44:36,STOCK_3561,-1.0,71.55
14:44:38,STOCK_4154,-4.0,6.05
14:44:39,STOCK_3561,-1.0,77.2
14:44:39,STOCK_3561,3.0,77.15
14:44:43,STOCK_4154,4.0,5.55
14:44:45,STOCK_4949,4.0,18.6
14:44:49,STOCK_3870,1.0,146.65
14:44:49,STOCK_3870,1.0,146.7
14:44:49,STOCK_3870,1.0,146.75
14:44:49,STOCK_3870,-1.0,146.75
14:44:50,STOCK_4154,4.0,5.05
14:44:52,STOCK_3870,3.0,143.05
14:44:52,STOCK_3870,1.0,143.15
14:44:55,STOCK_3870,-1.0,142.3
14:44:55,STOCK_3870,1.0,142.25
14:45:06,STOCK_4949,-1.0,20.05
14:45:06,STOCK_4949,2.0,20.0
14:45:06,STOCK_4949,1.0,20.0
14:45:22,STOCK_4154,4.0,5.95
14:45:52,STOCK_4154,4.0,5.55
14:45:54,STOCK_4154,-4.0,5.25
14:45:55,STOCK_4154,1.0,5.35
14:45:55,STOCK_4154,1.0,5.35
14:45:55,STOCK_4154,1.0,5.35
14:45:55,STOCK_4154,-1.0,5.35
14:46:00,STOCK_4154,2.0,5.4
14:46:00,STOCK_4154,2.0,5.4
14:46:02,STOCK_4154,4.0,5.05
14:46:04,STOCK_4154,-4.0,4.85
14:46:10,STOCK_4154,2.0,5.05
14:46:10,STOCK_4154,2.0,5.05
14:46:12,STOCK_4949,-4.0,19.4
14:46:16,STOCK_4949,1.0,20.45
14:46:16,STOCK_4949,-1.0,20.5
14:46:16,STOCK_4949,1.0,20.5
14:46:16,STOCK_4949,1.0,20.5
14:46:19,STOCK_4949,1.0,21.3
14:46:19,STOCK_4949,-1.0,21.3
14:46:19,STOCK_4949,1.0,21.3
14:46:19,STOCK_4949,1.0,21.35
14:46:22,STOCK_4949,1.0,20.35
14:46:22,STOCK_4949,-1.0,20.4
14:46:22,STOCK_4949,-1.0,20.35
14:46:22,STOCK_4949,-1.0,20.35
14:46:25,STOCK_4949,-1.0,21.65
14:46:25,STOCK_4949,-2.0,21.6
14:46:25,STOCK_4949,-1.0,21.65
14:46:38,STOCK_4154,4.0,5.05
14:47:07,STOCK_5226,-1.0,20.35
14:47:07,STOCK_5226,-2.0,20.35
14:47:07,STOCK_5226,1.0,20.35
14:47:08,STOCK_5226,3.0,20.35
14:47:08,STOCK_5226,-1.0,20.4
14:47:08,STOCK_4154,4.0,5.05
14:47:11,STOCK_5226,-4.0,20.7
14:47:27,STOCK_4154,-4.0,5.0
14:47:28,STOCK_4154,-3.0,4.95
14:47:28,STOCK_4154,1.0,4.95
14:47:50,STOCK_4949,-1.0,19.4
14:47:50,STOCK_4949,1.0,19.4
14:47:50,STOCK_4949,-1.0,19.4
14:47:50,STOCK_4949,1.0,19.4
14:47:51,STOCK_4154,4.0,4.55
14:48:00,STOCK_4154,4.0,4.05
14:48:27,STOCK_4783,-1.0,65.6
14:48:27,STOCK_4783,1.0,65.6
14:48:27,STOCK_4783,1.0,65.55
14:48:27,STOCK_4783,1.0,65.55
14:48:50,STOCK_4783,-4.0,56.25
14:48:51,STOCK_4783,4.0,55.35
14:48:53,STOCK_4783,-4.0,54.7
14:48:56,STOCK_4783,-4.0,53.7
14:50:01,STOCK_4783,-4.0,53.1
14:50:04,STOCK_4783,-1.0,54.15
14:50:04,STOCK_4783,1.0,54.1
14:50:04,STOCK_4783,-1.0,54.05
14:50:04,STOCK_4783,1.0,54.05
14:50:17,STOCK_4783,1.0,47.05
14:50:17,STOCK_4783,-1.0,47.05
14:50:17,STOCK_4783,-2.0,47.0
14:50:20,STOCK_4783,4.0,45.05
14:50:22,STOCK_4783,2.0,48.1
14:50:22,STOCK_4783,-1.0,48.1
14:50:22,STOCK_4783,-1.0,48.15
14:50:25,STOCK_4783,-1.0,44.95
14:50:25,STOCK_4783,-3.0,44.9
14:50:53,STOCK_3561,1.0,99.25
14:50:53,STOCK_3561,-1.0,99.25
14:50:53,STOCK_3561,-1.0,99.3
14:50:53,STOCK_3561,-1.0,99.3
14:51:04,STOCK_3561,-1.0,105.1
14:51:04,STOCK_3561,1.0,105.1
14:51:04,STOCK_3561,-1.0,105.15
14:51:04,STOCK_3561,1.0,105.2
14:51:06,STOCK_3561,-1.0,100.35
14:51:06,STOCK_3561,-1.0,100.4
14:51:06,STOCK_3561,1.0,100.45
14:51:06,STOCK_3561,-1.0,100.45
14:51:10,STOCK_3561,4.0,108.4
14:52:06,STOCK_3561,1.0,87.8
14:52:07,STOCK_3561,-1.0,87.2
14:52:15,STOCK_3561,1.0,83.1
14:52:15,STOCK_3561,-1.0,83.05
14:52:17,STOCK_3561,1.0,80.05
14:52:17,STOCK_3561,1.0,80.0
14:52:20,STOCK_3561,1.0,78.6
14:52:20,STOCK_3561,1.0,78.6
14:52:23,STOCK_3561,-2.0,78.85
14:52:26,STOCK_3561,-1.0,74.45
14:52:26,STOCK_3561,-1.0,74.45
14:52:28,STOCK_3561,-1.0,70.05
14:52:28,STOCK_3561,-1.0,70.0
14:52:31,STOCK_3561,-1.0,70.65
14:52:31,STOCK_3561,-1.0,70.6
14:52:33,STOCK_3561,2.0,67.6
14:52:51,STOCK_4783,1.0,60.25
14:52:51,STOCK_4783,1.0,60.2
14:52:51,STOCK_4783,-1.0,60.15
14:52:51,STOCK_4783,1.0,60.15
14:52:58,STOCK_4783,1.0,58.45
14:52:58,STOCK_4783,-1.0,58.45
14:52:58,STOCK_4783,1.0,58.45
14:52:58,STOCK_4783,1.0,58.4
14:53:02,STOCK_4783,-4.0,61.9
14:53:22,STOCK_4783,-1.0,68.6
14:53:22,STOCK_4783,-1.0,68.65
14:53:22,STOCK_4783,1.0,68.55
14:53:22,STOCK_4783,1.0,68.6
14:53:23,STOCK_4783,-4.0,67.8
14:53:26,STOCK_4783,1.0,69.25
14:53:26,STOCK_4783,1.0,69.25
14:53:26,STOCK_4783,-1.0,69.3
14:53:26,STOCK_4783,1.0,69.3
14:53:28,STOCK_4783,1.0,72.9
14:53:28,STOCK_4783,1.0,73.0
14:53:28,STOCK_4783,2.0,72.95
14:53:31,STOCK_4783,1.0,76.1
14:53:31,STOCK_4783,-1.0,76.1
14:53:31,STOCK_4783,1.0,76.1
14:53:31,STOCK_4783,1.0,76.05
14:53:34,STOCK_4783,2.0,76.35
14:53:34,STOCK_4783,1.0,76.3
14:53:34,STOCK_4783,1.0,76.3
14:53:37,STOCK_4783,-4.0,69.25
14:53:58,STOCK_3561,4.0,62.95
14:55:17,STOCK_4783,-1.0,44.55
14:55:17,STOCK_4783,-1.0,44.55
14:55:17,STOCK_4783,1.0,44.6
14:55:17,STOCK_4783,1.0,44.6
14:55:18,STOCK_4783,1.0,44.8
14:55:18,STOCK_4783,1.0,44.8
14:55:18,STOCK_4783,1.0,44.75
14:55:18,STOCK_4783,1.0,44.75
14:55:20,STOCK_4783,-3.0,42.95
14:55:20,STOCK_4783,-1.0,43.0
14:55:26,STOCK_4783,-1.0,40.15
14:55:26,STOCK_4783,3.0,40.2
14:55:29,STOCK_4783,-3.0,40.7
14:55:29,STOCK_4783,-1.0,40.65
14:55:54,STOCK_3561,1.0,80.2
14:55:54,STOCK_3561,-1.0,80.0
14:55:56,STOCK_3561,-1.0,79.3
14:55:56,STOCK_3561,-1.0,80.0
14:55:58,STOCK_3561,1.0,80.0
14:55:59,STOCK_3561,1.0,79.8
14:56:04,STOCK_5226,1.0,23.45
14:56:04,STOCK_5226,-1.0,23.45
14:56:04,STOCK_5226,-2.0,23.5
14:56:06,STOCK_5226,-1.0,21.75
14:56:06,STOCK_5226,-1.0,21.7
14:56:06,STOCK_5226,-2.0,21.7
14:56:09,STOCK_5226,1.0,20.5
14:56:09,STOCK_5226,1.0,20.5
14:56:09,STOCK_5226,-2.0,20.45
14:56:36,STOCK_3561,4.0,86.2
14:56:47,STOCK_3561,4.0,86.4
14:58:14,STOCK_3561,-1.0,74.55
14:58:14,STOCK_3561,1.0,77.9
14:58:29,STOCK_3561,1.0,71.4
14:58:29,STOCK_3561,-1.0,71.4
14:58:32,STOCK_3561,-2.0,76.1
14:59:18,STOCK_3561,-1.0,64.85
14:59:18,STOCK_3561,1.0,64.8
14:59:20,STOCK_3561,-2.0,66.4
14:59:25,STOCK_3561,-1.0,69.95
14:59:25,STOCK_3561,-1.0,69.95
14:59:54,STOCK_3870,-1.0,152.9
14:59:54,STOCK_3870,1.0,152.55
14:59:56,STOCK_3870,-1.0,152.75
14:59:56,STOCK_3870,-1.0,151.3
14:59:59,STOCK_3870,1.0,151.15
14:59:59,STOCK_3870,1.0,152.4
15:00:11,STOCK_3870,-1.0,173.3
15:00:11,STOCK_3870,1.0,173.3
15:00:11,STOCK_3870,1.0,172.85
15:00:11,STOCK_3870,-1.0,172.95
15:00:12,STOCK_3870,1.0,170.45
15:00:12,STOCK_3870,1.0,172.95
15:00:17,STOCK_3561,1.0,45.35
15:00:18,STOCK_3561,-1.0,45.0
15:00:23,STOCK_3870,1.0,162.85
15:00:24,STOCK_3870,1.0,161.25
15:00:30,STOCK_4783,1.0,63.0
15:00:30,STOCK_4783,-1.0,62.95
15:00:30,STOCK_4783,1.0,62.9
15:00:30,STOCK_4783,1.0,63.0
15:00:50,STOCK_3561,-1.0,57.7
15:00:50,STOCK_3561,-1.0,58.05
15:01:14,STOCK_3561,2.0,51.7
15:01:19,STOCK_3561,-2.0,51.05
15:01:38,STOCK_5226,1.0,6.05
15:01:38,STOCK_5226,2.0,6.05
15:01:38,STOCK_5226,1.0,6.05
15:01:41,STOCK_5226,3.0,5.55
15:01:41,STOCK_5226,-1.0,5.55
15:01:43,STOCK_5226,-4.0,5.05
15:01:43,STOCK_3561,2.0,41.65
15:01:45,STOCK_3561,-2.0,40.5
15:01:56,STOCK_5226,3.0,4.55
15:01:56,STOCK_5226,-1.0,4.55
15:01:58,STOCK_3561,-1.0,38.65
15:01:58,STOCK_3561,1.0,38.6
15:02:00,STOCK_3561,-1.0,39.6
15:02:00,STOCK_3561,1.0,39.6
15:02:21,STOCK_4949,-4.0,7.05
15:02:28,STOCK_4949,-1.0,6.55
15:02:28,STOCK_4949,1.0,6.55
15:02:28,STOCK_4949,1.0,6.55
15:02:28,STOCK_4949,-1.0,6.55
15:02:29,STOCK_4949,4.0,6.05
15:02:29,STOCK_4949,-4.0,5.55
15:02:30,STOCK_4949,-4.0,5.05
15:02:34,STOCK_4949,1.0,4.55
15:02:36,STOCK_3561,2.0,68.25
15:02:36,STOCK_4949,2.0,4.55
15:02:36,STOCK_4949,-1.0,4.55
15:02:38,STOCK_3561,-2.0,72.7
15:02:40,STOCK_4949,3.0,4.05
15:02:40,STOCK_4949,-1.0,4.05
15:02:42,STOCK_3561,1.0,79.6
15:02:42,STOCK_3561,1.0,79.6
15:02:45,STOCK_3561,-2.0,86.45
15:02:48,STOCK_3561,2.0,86.15
15:02:50,STOCK_3561,2.0,77.2
15:02:53,STOCK_3561,-1.0,82.15
15:02:53,STOCK_3561,1.0,82.15
15:02:56,STOCK_3561,2.0,88.0
15:02:59,STOCK_3561,2.0,89.7
15:03:02,STOCK_3561,1.0,87.85
15:03:02,STOCK_3561,-1.0,87.8
15:03:08,STOCK_3870,1.0,131.0
15:03:09,STOCK_3870,-1.0,130.45
15:03:17,STOCK_3870,-1.0,127.35
15:03:17,STOCK_3870,1.0,127.3
15:03:21,STOCK_3870,-1.0,121.7
15:03:21,STOCK_3870,-1.0,120.05
15:03:30,STOCK_3870,-1.0,121.75
15:03:30,STOCK_3870,-1.0,121.5
15:03:33,STOCK_3870,1.0,119.95
15:03:33,STOCK_3870,1.0,118.8
15:03:36,STOCK_3870,1.0,119.55
15:03:36,STOCK_3870,1.0,119.55
15:03:38,STOCK_3870,1.0,114.55
15:03:38,STOCK_3870,-1.0,115.15
15:03:42,STOCK_4783,4.0,30.4
15:03:43,STOCK_4783,2.0,29.9
15:03:43,STOCK_4783,-2.0,29.9
15:03:46,STOCK_4783,1.0,27.8
15:03:46,STOCK_4783,-3.0,27.75
15:03:48,STOCK_4783,-1.0,25.75
15:03:48,STOCK_4783,-1.0,25.75
15:03:48,STOCK_4783,-2.0,25.7
15:03:51,STOCK_4783,-4.0,25.35
15:03:54,STOCK_4783,2.0,24.9
15:03:54,STOCK_4783,-1.0,24.9
15:03:54,STOCK_4783,1.0,24.85
15:03:56,STOCK_4783,2.0,24.55
15:03:56,STOCK_4783,-2.0,24.55
15:03:58,STOCK_4783,1.0,21.1
15:03:58,STOCK_4783,-1.0,21.05
15:03:58,STOCK_4783,1.0,21.05
15:03:58,STOCK_4783,-1.0,21.05
15:04:01,STOCK_4783,1.0,18.35
15:04:01,STOCK_4783,1.0,18.4
15:04:01,STOCK_4783,-1.0,18.4
15:04:01,STOCK_4783,-1.0,18.35
15:04:06,STOCK_3870,-4.0,93.7
15:04:08,STOCK_3870,-4.0,96.6
15:04:12,STOCK_3870,-1.0,95.3
15:04:12,STOCK_3870,-1.0,95.35
15:04:12,STOCK_3870,-2.0,95.35
15:04:25,STOCK_4949,2.0,2.4
15:04:25,STOCK_4949,2.0,2.4
15:04:25,STOCK_4949,2.0,2.4
15:04:25,STOCK_4949,-2.0,2.4
15:04:32,STOCK_4949,7.0,2.35
15:04:32,STOCK_4949,1.0,2.35
15:04:58,STOCK_3561,1.0,99.85
15:04:58,STOCK_3561,1.0,99.85
15:04:58,STOCK_3561,1.0,99.85
15:04:58,STOCK_3561,-1.0,99.85
15:05:02,STOCK_3561,4.0,99.7
15:05:06,STOCK_3561,-3.0,97.65
15:05:06,STOCK_3561,1.0,97.6
15:05:25,STOCK_4783,-4.0,15.0
15:05:27,STOCK_4783,1.0,14.05
15:05:27,STOCK_4783,-1.0,14.05
15:05:27,STOCK_4783,-1.0,14.05
15:05:27,STOCK_4783,-1.0,14.05
15:05:32,STOCK_3870,-1.0,91.2
15:05:32,STOCK_3870,-1.0,91.15
15:05:32,STOCK_3870,1.0,91.15
15:05:32,STOCK_3870,1.0,91.3
15:05:36,STOCK_3870,-1.0,85.9
15:05:36,STOCK_3870,-1.0,85.95
15:05:36,STOCK_3870,-1.0,85.9
15:05:36,STOCK_3870,1.0,85.9
15:05:41,STOCK_3561,-4.0,124.25
15:05:43,STOCK_3561,1.0,125.7
15:05:43,STOCK_3561,2.0,125.9
15:05:43,STOCK_3561,-1.0,125.9
15:05:45,STOCK_3561,-3.0,127.75
15:05:45,STOCK_3561,1.0,127.75
15:05:47,STOCK_3561,4.0,117.15
15:06:01,STOCK_4949,8.0,1.75
15:06:13,STOCK_3561,4.0,122.05
15:06:21,STOCK_4949,-2.0,1.6
15:06:21,STOCK_4949,4.0,1.6
15:06:21,STOCK_4949,1.0,1.6
15:06:21,STOCK_4949,1.0,1.6
15:06:32,STOCK_3561,-1.0,123.9
15:06:32,STOCK_3561,1.0,123.9
15:06:32,STOCK_3561,2.0,123.9
15:06:39,STOCK_3561,-2.0,122.85
15:06:39,STOCK_3561,1.0,122.95
15:06:39,STOCK_3561,-1.0,123.0
15:06:49,STOCK_4949,-5.0,1.45
15:06:49,STOCK_4949,3.0,1.45
15:06:59,STOCK_4949,5.0,1.4
15:06:59,STOCK_4949,-3.0,1.4
15:07:04,STOCK_4949,1.0,1.4
15:07:04,STOCK_4949,1.0,1.4
15:07:04,STOCK_4949,-5.0,1.4
15:07:04,STOCK_4949,-1.0,1.4
15:07:06,STOCK_4949,8.0,1.45
15:07:24,STOCK_3561,4.0,130.1
15:09:28,STOCK_3561,-4.0,110.5
15:09:56,STOCK_3870,-1.0,77.55
15:09:56,STOCK_3870,-1.0,77.55
15:09:56,STOCK_3870,-1.0,77.5
15:09:56,STOCK_3870,1.0,77.6
15:09:57,STOCK_3870,-2.0,77.2
15:09:57,STOCK_3870,1.0,77.1
15:09:57,STOCK_3870,-1.0,77.1
15:10:34,STOCK_3870,-1.0,75.3
15:10:34,STOCK_3870,-1.0,75.25
15:10:34,STOCK_3870,-2.0,75.25
15:10:42,STOCK_3870,2.0,74.75
15:10:42,STOCK_3870,1.0,74.75
15:10:42,STOCK_3870,-1.0,74.75
15:14:25,STOCK_3561,-1.0,100.5
15:14:25,STOCK_3561,1.0,100.5
15:14:25,STOCK_3561,-1.0,100.45
15:14:25,STOCK_3561,-1.0,100.45
15:14:26,STOCK_3561,-1.0,99.9
15:14:26,STOCK_3561,1.0,99.95
15:14:26,STOCK_3561,2.0,99.85
15:14:29,STOCK_3561,2.0,102.9
15:14:29,STOCK_3561,-1.0,102.9
15:14:29,STOCK_3561,1.0,102.95
15:14:32,STOCK_3561,-4.0,102.75
15:14:53,STOCK_3561,-4.0,98.9
15:14:57,STOCK_3561,-4.0,95.05
15:14:59,STOCK_3561,-1.0,95.25
15:14:59,STOCK_3561,1.0,95.1
15:14:59,STOCK_3561,-1.0,95.05
15:14:59,STOCK_3561,1.0,95.05
